0,Description,Typical Array,Mean,Std,5%,95%
1,"1.Sum of 3d6, 6 Rolls",6.77; 8.55; 9.88; 11.12; 12.45; 14.23,3.01,11.06,-15,21
2,"2.Sum of 3d6, 6 Rolls, Best of 3 Arrays",7.76; 9.52; 10.85; 12.1; 13.48; 15.28,12.29,8.42,-1,27
3,"3.Sum of 3d6, 6 Rolls, Best of 6 Arrays",8.19; 9.96; 11.31; 12.61; 14.03; 15.84,17.01,7.52,6,30
4,"4.Sum of 3d6, Reroll 1s, 6 Rolls",8.92; 10.39; 11.49; 12.51; 13.62; 15.08,15.89,9.19,2,32
5,"5.Sum of 3d6, Reroll 1s, 6 Rolls, Best of 3 Arrays",9.56; 11.11; 12.28; 13.37; 14.55; 16.04,23.78,7.76,12,38
6,"6.Sum of 3d6, Reroll 1s, 6 Rolls, Best of 6 Arrays",9.86; 11.46; 12.67; 13.81; 15.02; 16.48,28.12,7.07,18,41
7,"7.Sum of 3d6, Reroll 1s/2s, 6 Rolls",11.07; 12.22; 13.09; 13.9; 14.77; 15.93,28.78,9.03,15,45
8,"8.Sum of 3d6, Reroll 1s/2s, 6 Rolls, Best of 3 Arrays",11.53; 12.79; 13.74; 14.61; 15.53; 16.67,36.57,7.6,25,50
9,"9.Sum of 3d6, Reroll 1s/2s, 6 Rolls, Best of 6 Arrays",11.78; 13.1; 14.09; 14.97; 15.9; 16.98,40.82,6.85,31,53
10,"10.Sum of 3d6, Best 6 of 7 Rolls",8.2; 9.42; 10.5; 11.58; 12.8; 14.48,9.09,9.97,-7,26
11,"11.Sum of 3d6, Best 6 of 7 Rolls, Best of 3 Arrays",9.01; 10.29; 11.43; 12.56; 13.85; 15.56,17.53,8.07,6,32
12,"12.Sum of 3d6, Best 6 of 7 Rolls, Best of 6 Arrays",9.35; 10.68; 11.87; 13.05; 14.4; 16.1,22.04,7.34,11,35
13,"13.Sum of 3d6, Reroll 1s, Best 6 of 7 Rolls",10.1; 11.1; 12.0; 12.9; 13.91; 15.28,20.09,9.2,6,36
14,"14.Sum of 3d6, Reroll 1s, Best 6 of 7 Rolls, Best of 3 Arrays",10.68; 11.78; 12.76; 13.73; 14.81; 16.21,28,7.86,16,42
15,"15.Sum of 3d6, Reroll 1s, Best 6 of 7 Rolls, Best of 6 Arrays",10.97; 12.12; 13.14; 14.16; 15.27; 16.62,32.39,7.15,22,45
16,"16.Sum of 3d6, Reroll 1s/2s, Best 6 of 7 Rolls",12.0; 12.79; 13.5; 14.21; 15.0; 16.08,32.66,9.3,19,49
17,"17.Sum of 3d6, Reroll 1s/2s, Best 6 of 7 Rolls, Best of 3 Arrays",12.47; 13.35; 14.13; 14.89; 15.72; 16.78,40.68,7.76,29,54
18,"18.Sum of 3d6, Reroll 1s/2s, Best 6 of 7 Rolls, Best of 6 Arrays",12.72; 13.65; 14.46; 15.23; 16.07; 17.07,45.02,6.97,35,57
19,"19.Sum of 3d6, Best 6 of 9 Rolls",9.65; 10.5; 11.34; 12.25; 13.32; 14.84,15.42,9.44,1,32
20,"20.Sum of 3d6, Reroll 1s, Best 6 of 9 Rolls",11.3; 12.0; 12.7; 13.45; 14.33; 15.58,25.56,9.42,12,42
21,"21.Sum of 3d6, Reroll 1s/2s, Best 6 of 9 Rolls",12.95; 13.5; 14.05; 14.64; 15.34; 16.32,38.35,9.61,24,55
22,"22.Sum of 3d6, Best 6 of 12 Rolls",10.82; 11.47; 12.15; 12.92; 13.86; 15.23,21.21,9.52,7,38
23,"23.Sum of 3d6, Reroll 1s, Best 6 of 12 Rolls",12.26; 12.8; 13.37; 14.0; 14.78; 15.9,31.34,9.77,17,49
24,"24.Sum of 3d6, Reroll 1s/2s, Best 6 of 12 Rolls",13.71; 14.13; 14.58; 15.08; 15.69; 16.57,44.58,9.72,30,61
25,"25.Sum the Best 3 of 4d6, 6 Rolls",8.31; 10.13; 11.41; 12.56; 13.77; 15.32,15.56,10.79,-1,34
26,"26.Sum the Best 3 of 4d6, 6 Rolls, Best of 3 Arrays",9.21; 11.01; 12.31; 13.5; 14.76; 16.26,24.73,8.67,12,40
27,"27.Sum the Best 3 of 4d6, 6 Rolls, Best of 6 Arrays",9.59; 11.42; 12.76; 13.99; 15.26; 16.68,29.58,7.79,18,43
28,"28.Sum the Best 3 of 4d6, Reroll 1s, 6 Rolls",10.18; 11.69; 12.75; 13.7; 14.7; 15.98,26.64,10.07,11,44
29,"29.Sum the Best 3 of 4d6, Reroll 1s, 6 Rolls, Best of 3 Arrays",10.83; 12.4; 13.52; 14.52; 15.55; 16.76,35.3,8.37,23,50
30,"30.Sum the Best 3 of 4d6, Reroll 1s, 6 Rolls, Best of 6 Arrays",11.15; 12.77; 13.92; 14.94; 15.96; 17.08,40,7.5,29,53
31,"31.Sum the Best 3 of 4d6, Reroll 1s/2s, 6 Rolls",12.04; 13.24; 14.09; 14.84; 15.63; 16.63,39.37,9.92,24,56
32,"32.Sum the Best 3 of 4d6, Reroll 1s/2s, 6 Rolls, Best of 3 Arrays",12.57; 13.85; 14.73; 15.5; 16.3; 17.21,47.91,8.02,36,62
33,"33.Sum the Best 3 of 4d6, Reroll 1s/2s, 6 Rolls, Best of 6 Arrays",12.86; 14.17; 15.06; 15.83; 16.61; 17.45,52.41,7.1,42,65
34,"34.Sum the Best 3 of 4d6, Best 6 of 7 Rolls",9.79; 10.97; 11.99; 12.99; 14.08; 15.52,20.88,10.31,5,39
35,"35.Sum the Best 3 of 4d6, Best 6 of 7 Rolls, Best of 3 Arrays",10.51; 11.77; 12.85; 13.91; 15.06; 16.45,29.73,8.59,17,45
36,"36.Sum the Best 3 of 4d6, Best 6 of 7 Rolls, Best of 6 Arrays",10.85; 12.16; 13.28; 14.38; 15.54; 16.83,34.55,7.76,23,48
37,"37.Sum the Best 3 of 4d6, Reroll 1s, Best 6 of 7 Rolls",11.4; 12.39; 13.23; 14.05; 14.96; 16.15,31.16,10.21,16,49
38,"38.Sum the Best 3 of 4d6, Reroll 1s, Best 6 of 7 Rolls, Best of 3 Arrays",12.0; 13.06; 13.97; 14.84; 15.77; 16.89,39.98,8.46,27,55
39,"39.Sum the Best 3 of 4d6, Reroll 1s, Best 6 of 7 Rolls, Best of 6 Arrays",12.3; 13.41; 14.34; 15.23; 16.16; 17.18,44.72,7.58,33,58
40,"40.Sum the Best 3 of 4d6, Reroll 1s/2s, Best 6 of 7 Rolls",13.02; 13.8; 14.47; 15.12; 15.83; 16.76,43.96,10.13,28,61
41,"41.Sum the Best 3 of 4d6, Reroll 1s/2s, Best 6 of 7 Rolls, Best of 3 Arrays",13.53; 14.38; 15.08; 15.75; 16.46; 17.31,52.64,8.07,40,67
42,"42.Sum the Best 3 of 4d6, Reroll 1s/2s, Best 6 of 7 Rolls, Best of 6 Arrays",13.8; 14.67; 15.38; 16.06; 16.76; 17.52,57.2,7.1,46,70
43,"43.Sum the Best 3 of 4d6, Best 6 of 9 Rolls",11.2; 12.0; 12.77; 13.59; 14.55; 15.84,27.19,10.39,12,45
44,"44.Sum the Best 3 of 4d6, Reroll 1s, Best 6 of 9 Rolls",12.58; 13.24; 13.88; 14.56; 15.34; 16.4,37.48,10.5,21,56
45,"45.Sum the Best 3 of 4d6, Reroll 1s/2s, Best 6 of 9 Rolls",13.96; 14.48; 14.98; 15.52; 16.14; 16.96,50.58,10.14,34,68
46,"46.Sum the Best 3 of 4d6, Best 6 of 12 Rolls",12.3; 12.88; 13.5; 14.19; 15.02; 16.16,33.67,10.7,17,52
47,"47.Sum the Best 3 of 4d6, Reroll 1s, Best 6 of 12 Rolls",13.48; 13.97; 14.48; 15.05; 15.74; 16.67,44.3,10.67,28,63
48,"48.Sum the Best 3 of 4d6, Reroll 1s/2s, Best 6 of 12 Rolls",14.67; 15.06; 15.46; 15.91; 16.45; 17.17,57.35,9.94,41,74
49,"49.Sum of 2d6+6, 6 Rolls",9.96; 11.38; 12.49; 13.51; 14.62; 16.04,25.66,10.58,10,44
50,"50.Sum of 2d6+6, 6 Rolls, Best of 3 Arrays",10.51; 12.09; 13.29; 14.41; 15.6; 16.91,34.82,8.92,21,51
51,"51.Sum of 2d6+6, 6 Rolls, Best of 6 Arrays",10.81; 12.47; 13.72; 14.89; 16.08; 17.24,39.83,8.03,28,54
52,"52.Sum of 2d6+6, Reroll 1s, 6 Rolls",11.49; 12.66; 13.58; 14.42; 15.34; 16.51,35.03,10.33,19,53
53,"53.Sum of 2d6+6, Reroll 1s, 6 Rolls, Best of 3 Arrays",11.96; 13.28; 14.27; 15.18; 16.15; 17.2,43.98,8.55,31,59
54,"54.Sum of 2d6+6, Reroll 1s, 6 Rolls, Best of 6 Arrays",12.22; 13.61; 14.63; 15.58; 16.53; 17.45,48.75,7.6,37,62
55,"55.Sum of 2d6+6, Reroll 1s/2s, 6 Rolls",13.03; 13.94; 14.67; 15.33; 16.06; 16.97,46.5,9.86,31,63
56,"56.Sum of 2d6+6, Reroll 1s/2s, 6 Rolls, Best of 3 Arrays",13.43; 14.47; 15.23; 15.94; 16.69; 17.48,54.98,7.9,43,69
57,"57.Sum of 2d6+6, Reroll 1s/2s, 6 Rolls, Best of 6 Arrays",13.66; 14.74; 15.53; 16.26; 16.98; 17.67,59.4,6.96,49,72
58,"58.Sum of 2d6+6, Best 6 of 7 Rolls",11.09; 12.1; 13.0; 13.9; 14.91; 16.23,30.17,10.92,14,49
59,"59.Sum of 2d6+6, Best 6 of 7 Rolls, Best of 3 Arrays",11.68; 12.8; 13.78; 14.77; 15.85; 17.04,39.61,9.13,26,56
60,"60.Sum of 2d6+6, Best 6 of 7 Rolls, Best of 6 Arrays",11.99; 13.16; 14.2; 15.24; 16.29; 17.33,44.73,8.18,32,59
61,"61.Sum of 2d6+6, Reroll 1s, Best 6 of 7 Rolls",12.42; 13.26; 14.0; 14.74; 15.58; 16.67,39.54,10.7,23,58
62,"62.Sum of 2d6+6, Reroll 1s, Best 6 of 7 Rolls, Best of 3 Arrays",12.94; 13.86; 14.67; 15.47; 16.35; 17.3,48.72,8.72,35,64
63,"63.Sum of 2d6+6, Reroll 1s, Best 6 of 7 Rolls, Best of 6 Arrays",13.21; 14.18; 15.02; 15.86; 16.71; 17.53,53.62,7.73,42,67
64,"64.Sum of 2d6+6, Reroll 1s/2s, Best 6 of 7 Rolls",13.75; 14.42; 15.0; 15.58; 16.25; 17.09,51.07,10.08,35,68
65,"65.Sum of 2d6+6, Reroll 1s/2s, Best 6 of 7 Rolls, Best of 3 Arrays",14.19; 14.92; 15.54; 16.17; 16.85; 17.56,59.69,7.95,47,73
66,"66.Sum of 2d6+6, Reroll 1s/2s, Best 6 of 7 Rolls, Best of 6 Arrays",14.43; 15.18; 15.83; 16.47; 17.12; 17.73,64.16,6.93,54,76
67,"67.Sum of 2d6+6, Best 6 of 9 Rolls",12.3; 13.0; 13.7; 14.45; 15.35; 16.51,36.78,11.35,19,57
68,"68.Sum of 2d6+6, Reroll 1s, Best 6 of 9 Rolls",13.43; 14.0; 14.57; 15.2; 15.94; 16.9,46.26,10.97,29,65
69,"69.Sum of 2d6+6, Reroll 1s/2s, Best 6 of 9 Rolls",14.55; 15.0; 15.45; 15.95; 16.54; 17.27,57.7,10.02,42,74
70,"70.Sum of 2d6+6, Best 6 of 12 Rolls",13.26; 13.79; 14.36; 15.02; 15.8; 16.8,44.02,11.68,26,64
71,"71.Sum of 2d6+6, Reroll 1s, Best 6 of 12 Rolls",14.21; 14.65; 15.13; 15.67; 16.31; 17.13,53.48,10.98,36,73
72,"72.Sum of 2d6+6, Reroll 1s/2s, Best 6 of 12 Rolls",15.17; 15.51; 15.89; 16.32; 16.83; 17.45,64.43,9.85,48,80
73,"73.Sum the Best 3 of 5d6, 6 Rolls",9.93; 11.8; 13.06; 14.14; 15.21; 16.44,30.61,11.69,12,51
74,"74.Sum the Best 3 of 5d6, 6 Rolls, Best of 3 Arrays",10.82; 12.71; 13.99; 15.06; 16.06; 17.11,40.62,9.29,26,57
75,"75.Sum the Best 3 of 5d6, 6 Rolls, Best of 6 Arrays",11.26; 13.17; 14.45; 15.5; 16.43; 17.36,45.83,8.17,33,60
76,"76.Sum the Best 3 of 5d6, Reroll 1s, 6 Rolls",11.51; 13.06; 14.12; 15.01; 15.89; 16.9,41,11.28,23,60
77,"77.Sum the Best 3 of 5d6, Reroll 1s, 6 Rolls, Best of 3 Arrays",12.24; 13.85; 14.91; 15.78; 16.59; 17.42,50.67,8.86,37,66
78,"78.Sum the Best 3 of 5d6, Reroll 1s, 6 Rolls, Best of 6 Arrays",12.63; 14.26; 15.31; 16.14; 16.89; 17.61,55.65,7.73,44,69
79,"79.Sum the Best 3 of 5d6, Reroll 1s/2s, 6 Rolls",13.08; 14.33; 15.17; 15.88; 16.58; 17.34,53.36,10.75,36,71
80,"80.Sum the Best 3 of 5d6, Reroll 1s/2s, 6 Rolls, Best of 3 Arrays",13.71; 15.0; 15.82; 16.49; 17.11; 17.71,62.51,8.18,50,77
81,"81.Sum the Best 3 of 5d6, Reroll 1s/2s, 6 Rolls, Best of 6 Arrays",14.06; 15.34; 16.13; 16.76; 17.35; 17.83,67.11,7.03,56,80
82,"82.Sum the Best 3 of 5d6, Best 6 of 7 Rolls",11.46; 12.64; 13.62; 14.54; 15.48; 16.6,36.26,11.59,18,56
83,"83.Sum the Best 3 of 5d6, Best 6 of 7 Rolls, Best of 3 Arrays",12.22; 13.47; 14.48; 15.39; 16.27; 17.22,46.19,9.25,32,62
84,"84.Sum the Best 3 of 5d6, Best 6 of 7 Rolls, Best of 6 Arrays",12.62; 13.9; 14.91; 15.79; 16.62; 17.45,51.4,8.12,39,66
85,"85.Sum the Best 3 of 5d6, Reroll 1s, Best 6 of 7 Rolls",12.78; 13.77; 14.58; 15.34; 16.12; 17.03,46.49,11.37,28,66
86,"86.Sum the Best 3 of 5d6, Reroll 1s, Best 6 of 7 Rolls, Best of 3 Arrays",13.45; 14.49; 15.32; 16.05; 16.76; 17.5,56.21,8.82,42,71
87,"87.Sum the Best 3 of 5d6, Reroll 1s, Best 6 of 7 Rolls, Best of 6 Arrays",13.8; 14.87; 15.68; 16.38; 17.04; 17.68,61.17,7.62,49,74
88,"88.Sum the Best 3 of 5d6, Reroll 1s/2s, Best 6 of 7 Rolls",14.1; 14.89; 15.54; 16.14; 16.75; 17.44,58.88,10.66,41,77
89,"89.Sum the Best 3 of 5d6, Reroll 1s/2s, Best 6 of 7 Rolls, Best of 3 Arrays",14.68; 15.5; 16.13; 16.69; 17.25; 17.77,67.94,7.97,55,81
90,"90.Sum the Best 3 of 5d6, Reroll 1s/2s, Best 6 of 7 Rolls, Best of 6 Arrays",14.98; 15.8; 16.41; 16.95; 17.47; 17.88,72.43,6.76,62,84
91,"91.Sum the Best 3 of 5d6, Best 6 of 9 Rolls",12.87; 13.63; 14.35; 15.08; 15.86; 16.83,43.8,11.7,25,64
92,"92.Sum the Best 3 of 5d6, Reroll 1s, Best 6 of 9 Rolls",13.96; 14.59; 15.19; 15.79; 16.44; 17.22,54.18,11.22,36,73
93,"93.Sum the Best 3 of 5d6, Reroll 1s/2s, Best 6 of 9 Rolls",15.04; 15.55; 16.02; 16.49; 17.0; 17.58,66.34,10.17,49,83
94,"94.Sum the Best 3 of 5d6, Best 6 of 12 Rolls",13.92; 14.46; 15.01; 15.59; 16.25; 17.07,51.76,11.49,33,71
95,"95.Sum the Best 3 of 5d6, Reroll 1s, Best 6 of 12 Rolls",14.83; 15.28; 15.73; 16.21; 16.75; 17.41,61.96,10.7,44,80
96,"96.Sum the Best 3 of 5d6, Reroll 1s/2s, Best 6 of 12 Rolls",15.74; 16.09; 16.45; 16.83; 17.26; 17.71,73.48,9.34,57,90
97,"97.Sum of 4d4+2, 6 Rolls",9.19; 10.54; 11.54; 12.46; 13.46; 14.81,15.23,8.11,3,29
98,"98.Sum of 4d4+2, 6 Rolls, Best of 3 Arrays",9.78; 11.2; 12.25; 13.24; 14.31; 15.71,22.2,6.91,12,35
99,"99.Sum of 4d4+2, 6 Rolls, Best of 6 Arrays",10.05; 11.51; 12.6; 13.63; 14.74; 16.13,26.06,6.3,17,37
100,"100.Sum of 4d4+2, Reroll 1s, 6 Rolls",11.96; 12.94; 13.66; 14.34; 15.06; 16.04,33.19,8.32,20,48
101,"101.Sum of 4d4+2, Reroll 1s, 6 Rolls, Best of 3 Arrays",12.37; 13.44; 14.22; 14.93; 15.69; 16.66,40.35,6.92,30,52
102,"102.Sum of 4d4+2, Reroll 1s, 6 Rolls, Best of 6 Arrays",12.58; 13.7; 14.5; 15.23; 16.0; 16.93,44.22,6.2,35,55
103,"103.Sum of 4d4+2, Reroll 1s/2s, 6 Rolls",14.79; 15.36; 15.8; 16.2; 16.64; 17.22,60.75,7.4,49,73
104,"104.Sum of 4d4+2, Reroll 1s/2s, 6 Rolls, Best of 3 Arrays",15.07; 15.71; 16.15; 16.57; 17.01; 17.55,67.05,5.77,58,77
105,"105.Sum of 4d4+2, Reroll 1s/2s, 6 Rolls, Best of 6 Arrays",15.23; 15.88; 16.32; 16.77; 17.18; 17.7,70.3,5.05,63,79
106,"106.Sum of 4d4+2, Best 6 of 7 Rolls",10.28; 11.19; 12.0; 12.81; 13.72; 15.0,18.92,8.11,7,33
107,"107.Sum of 4d4+2, Best 6 of 7 Rolls, Best of 3 Arrays",10.82; 11.81; 12.68; 13.56; 14.55; 15.87,25.91,6.97,16,38
108,"108.Sum of 4d4+2, Best 6 of 7 Rolls, Best of 6 Arrays",11.07; 12.11; 13.03; 13.95; 14.96; 16.27,29.81,6.39,20,41
109,"109.Sum of 4d4+2, Reroll 1s, Best 6 of 7 Rolls",12.75; 13.41; 14.0; 14.59; 15.25; 16.17,36.84,8.56,24,52
110,"110.Sum of 4d4+2, Reroll 1s, Best 6 of 7 Rolls, Best of 3 Arrays",13.16; 13.9; 14.53; 15.16; 15.85; 16.75,44.2,7.02,34,57
111,"111.Sum of 4d4+2, Reroll 1s, Best 6 of 7 Rolls, Best of 6 Arrays",13.38; 14.15; 14.81; 15.45; 16.14; 17.01,48.15,6.28,39,59
112,"112.Sum of 4d4+2, Reroll 1s/2s, Best 6 of 7 Rolls",15.24; 15.65; 16.0; 16.35; 16.76; 17.29,64.39,7.39,52,77
113,"113.Sum of 4d4+2, Reroll 1s/2s, Best 6 of 7 Rolls, Best of 3 Arrays",15.54; 15.97; 16.33; 16.72; 17.1; 17.62,70.66,5.68,63,80
114,"114.Sum of 4d4+2, Reroll 1s/2s, Best 6 of 7 Rolls, Best of 6 Arrays",15.69; 16.11; 16.51; 16.9; 17.26; 17.77,73.84,4.93,66,83
115,"115.Sum of 4d4+2, Best 6 of 9 Rolls",11.37; 12.0; 12.63; 13.31; 14.12; 15.28,23.77,8.31,11,39
116,"116.Sum of 4d4+2, Reroll 1s, Best 6 of 9 Rolls",13.54; 14.0; 14.46; 14.95; 15.54; 16.37,42.25,8.71,28,57
117,"117.Sum of 4d4+2, Reroll 1s/2s, Best 6 of 9 Rolls",15.73; 16.0; 16.27; 16.58; 16.93; 17.41,69.31,7.07,57,81
118,"118.Sum of 4d4+2, Best 6 of 12 Rolls",12.24; 12.72; 13.23; 13.81; 14.52; 15.57,28.81,8.62,16,44
119,"119.Sum of 4d4+2, Reroll 1s, Best 6 of 12 Rolls",14.17; 14.52; 14.9; 15.32; 15.83; 16.58,47.9,8.65,34,63
120,"120.Sum of 4d4+2, Reroll 1s/2s, Best 6 of 12 Rolls",16.09; 16.3; 16.55; 16.81; 17.1; 17.53,73.87,6.74,63,86
121,"121.Sum the Best 4 of 5d4+2, 6 Rolls",10.16; 11.52; 12.49; 13.37; 14.3; 15.54,23.18,8.87,10,39
122,"122.Sum the Best 4 of 5d4+2, 6 Rolls, Best of 3 Arrays",10.74; 12.17; 13.19; 14.12; 15.1; 16.34,30.83,7.47,20,44
123,"123.Sum the Best 4 of 5d4+2, 6 Rolls, Best of 6 Arrays",11.02; 12.49; 13.55; 14.5; 15.5; 16.7,35.01,6.76,25,47
124,"124.Sum the Best 4 of 5d4+2, Reroll 1s, 6 Rolls",12.63; 13.64; 14.35; 14.99; 15.68; 16.57,41.35,9.02,27,57
125,"125.Sum the Best 4 of 5d4+2, Reroll 1s, 6 Rolls, Best of 3 Arrays",13.09; 14.16; 14.9; 15.57; 16.26; 17.1,49.09,7.27,38,62
126,"126.Sum the Best 4 of 5d4+2, Reroll 1s, 6 Rolls, Best of 6 Arrays",13.33; 14.42; 15.18; 15.85; 16.53; 17.33,53.17,6.45,43,64
127,"127.Sum the Best 4 of 5d4+2, Reroll 1s/2s, 6 Rolls",15.13; 15.76; 16.21; 16.61; 17.02; 17.53,67.7,7.65,55,80
128,"128.Sum the Best 4 of 5d4+2, Reroll 1s/2s, 6 Rolls, Best of 3 Arrays",15.46; 16.11; 16.58; 16.97; 17.35; 17.81,74.19,5.81,65,84
129,"129.Sum the Best 4 of 5d4+2, Reroll 1s/2s, 6 Rolls, Best of 6 Arrays",15.64; 16.29; 16.77; 17.11; 17.53; 17.92,77.45,5.01,70,87
130,"130.Sum the Best 4 of 5d4+2, Best 6 of 7 Rolls",11.27; 12.16; 12.94; 13.7; 14.55; 15.71,27.12,8.99,14,43
131,"131.Sum the Best 4 of 5d4+2, Best 6 of 7 Rolls, Best of 3 Arrays",11.8; 12.76; 13.6; 14.42; 15.31; 16.47,34.89,7.58,24,48
132,"132.Sum the Best 4 of 5d4+2, Best 6 of 7 Rolls, Best of 6 Arrays",12.06; 13.07; 13.94; 14.78; 15.69; 16.81,39.12,6.85,29,51
133,"133.Sum the Best 4 of 5d4+2, Reroll 1s, Best 6 of 7 Rolls",13.46; 14.11; 14.68; 15.23; 15.86; 16.69,45.58,9.16,31,61
134,"134.Sum the Best 4 of 5d4+2, Reroll 1s, Best 6 of 7 Rolls, Best of 3 Arrays",13.89; 14.59; 15.2; 15.78; 16.41; 17.2,53.42,7.3,42,66
135,"135.Sum the Best 4 of 5d4+2, Reroll 1s, Best 6 of 7 Rolls, Best of 6 Arrays",14.11; 14.84; 15.47; 16.05; 16.67; 17.41,57.5,6.43,48,69
136,"136.Sum the Best 4 of 5d4+2, Reroll 1s/2s, Best 6 of 7 Rolls",15.64; 16.05; 16.41; 16.76; 17.13; 17.59,71.65,7.47,60,84
137,"137.Sum the Best 4 of 5d4+2, Reroll 1s/2s, Best 6 of 7 Rolls, Best of 3 Arrays",15.94; 16.38; 16.77; 17.08; 17.46; 17.87,77.97,5.6,69,87
138,"138.Sum the Best 4 of 5d4+2, Reroll 1s/2s, Best 6 of 7 Rolls, Best of 6 Arrays",16.09; 16.57; 16.93; 17.22; 17.66; 17.95,81.1,4.8,73,90
139,"139.Sum the Best 4 of 5d4+2, Best 6 of 9 Rolls",12.34; 12.94; 13.53; 14.17; 14.91; 15.96,32.58,9.28,18,49
140,"140.Sum the Best 4 of 5d4+2, Reroll 1s, Best 6 of 9 Rolls",14.24; 14.68; 15.11; 15.58; 16.12; 16.87,51.54,9.11,37,67
141,"141.Sum the Best 4 of 5d4+2, Reroll 1s/2s, Best 6 of 9 Rolls",16.13; 16.41; 16.7; 16.97; 17.28; 17.7,76.66,7.05,66,88
142,"142.Sum the Best 4 of 5d4+2, Best 6 of 12 Rolls",13.16; 13.62; 14.1; 14.63; 15.28; 16.23,38.44,9.51,24,55
143,"143.Sum the Best 4 of 5d4+2, Reroll 1s, Best 6 of 12 Rolls",14.84; 15.17; 15.53; 15.92; 16.39; 17.06,57.56,8.97,43,73
144,"144.Sum the Best 4 of 5d4+2, Reroll 1s/2s, Best 6 of 12 Rolls",16.52; 16.75; 16.94; 17.15; 17.45; 17.8,81.34,6.63,69,91
145,"145.Sum of 3d4+6, 6 Rolls",11.07; 12.23; 13.1; 13.9; 14.77; 15.93,28.78,9.02,15,45
146,"146.Sum of 3d4+6, 6 Rolls, Best of 3 Arrays",11.53; 12.8; 13.75; 14.61; 15.53; 16.67,36.58,7.6,25,50
147,"147.Sum of 3d4+6, 6 Rolls, Best of 6 Arrays",11.78; 13.1; 14.09; 14.97; 15.9; 16.98,40.82,6.84,31,53
148,"148.Sum of 3d4+6, Reroll 1s, 6 Rolls",13.24; 14.07; 14.71; 15.3; 15.93; 16.76,45.79,8.81,32,61
149,"149.Sum of 3d4+6, Reroll 1s, 6 Rolls, Best of 3 Arrays",13.62; 14.53; 15.21; 15.83; 16.46; 17.25,53.32,7.08,42,66
150,"150.Sum of 3d4+6, Reroll 1s, 6 Rolls, Best of 6 Arrays",13.82; 14.77; 15.48; 16.09; 16.71; 17.46,57.3,6.25,48,68
151,"151.Sum of 3d4+6, Reroll 1s/2s, 6 Rolls",15.46; 15.94; 16.32; 16.68; 17.06; 17.54,69.75,6.93,60,81
152,"152.Sum of 3d4+6, Reroll 1s/2s, 6 Rolls, Best of 3 Arrays",15.71; 16.22; 16.65; 17.0; 17.37; 17.82,75.63,5.36,67,84
153,"153.Sum of 3d4+6, Reroll 1s/2s, 6 Rolls, Best of 6 Arrays",15.84; 16.39; 16.83; 17.13; 17.56; 17.93,78.65,4.65,72,87
154,"154.Sum of 3d4+6, Best 6 of 7 Rolls",12.0; 12.79; 13.5; 14.21; 15.0; 16.09,32.67,9.29,19,49
155,"155.Sum of 3d4+6, Best 6 of 7 Rolls, Best of 3 Arrays",12.47; 13.35; 14.13; 14.89; 15.72; 16.78,40.68,7.76,29,54
156,"156.Sum of 3d4+6, Best 6 of 7 Rolls, Best of 6 Arrays",12.72; 13.65; 14.46; 15.23; 16.07; 17.07,45.03,6.97,35,57
157,"157.Sum of 3d4+6, Reroll 1s, Best 6 of 7 Rolls",13.91; 14.48; 15.0; 15.52; 16.09; 16.87,49.91,8.91,36,65
158,"158.Sum of 3d4+6, Reroll 1s, Best 6 of 7 Rolls, Best of 3 Arrays",14.29; 14.93; 15.49; 16.02; 16.6; 17.33,57.55,7.09,47,70
159,"159.Sum of 3d4+6, Reroll 1s, Best 6 of 7 Rolls, Best of 6 Arrays",14.49; 15.16; 15.74; 16.26; 16.84; 17.53,61.53,6.22,52,73
160,"160.Sum of 3d4+6, Reroll 1s/2s, Best 6 of 7 Rolls",15.85; 16.18; 16.5; 16.82; 17.15; 17.6,73.17,6.81,63,84
161,"161.Sum of 3d4+6, Reroll 1s/2s, Best 6 of 7 Rolls, Best of 3 Arrays",16.08; 16.47; 16.83; 17.1; 17.47; 17.88,78.96,5.24,70,87
162,"162.Sum of 3d4+6, Reroll 1s/2s, Best 6 of 7 Rolls, Best of 6 Arrays",16.2; 16.64; 16.96; 17.23; 17.67; 17.96,81.9,4.54,75,90
163,"163.Sum of 3d4+6, Best 6 of 9 Rolls",12.95; 13.5; 14.05; 14.65; 15.34; 16.32,38.37,9.63,24,55
164,"164.Sum of 3d4+6, Reroll 1s, Best 6 of 9 Rolls",14.59; 15.0; 15.4; 15.83; 16.33; 17.04,55.71,8.9,41,70
165,"165.Sum of 3d4+6, Reroll 1s/2s, Best 6 of 9 Rolls",16.24; 16.5; 16.76; 17.0; 17.29; 17.7,77.61,6.65,66,90
166,"166.Sum of 3d4+6, Best 6 of 12 Rolls",13.71; 14.13; 14.58; 15.08; 15.69; 16.57,44.59,9.72,30,61
167,"167.Sum of 3d4+6, Reroll 1s, Best 6 of 12 Rolls",15.15; 15.46; 15.79; 16.15; 16.59; 17.21,61.66,8.71,48,76
168,"168.Sum of 3d4+6, Reroll 1s/2s, Best 6 of 12 Rolls",16.61; 16.82; 16.98; 17.16; 17.45; 17.8,81.97,6.28,72,91
169,"169.Sum the Best 3 of 4d4+6, 6 Rolls",12.04; 13.24; 14.09; 14.84; 15.63; 16.63,39.37,9.91,24,57
170,"170.Sum the Best 3 of 4d4+6, 6 Rolls, Best of 3 Arrays",12.57; 13.85; 14.73; 15.5; 16.29; 17.21,47.9,8.01,36,62
171,"171.Sum the Best 3 of 4d4+6, 6 Rolls, Best of 6 Arrays",12.86; 14.17; 15.06; 15.83; 16.61; 17.45,52.41,7.1,42,65
172,"172.Sum the Best 3 of 4d4+6, Reroll 1s, 6 Rolls",13.91; 14.81; 15.43; 15.97; 16.55; 17.26,56.01,9.23,41,71
173,"173.Sum the Best 3 of 4d4+6, Reroll 1s, 6 Rolls, Best of 3 Arrays",14.36; 15.3; 15.92; 16.45; 17.03; 17.65,63.88,7.14,53,76
174,"174.Sum the Best 3 of 4d4+6, Reroll 1s, 6 Rolls, Best of 6 Arrays",14.6; 15.55; 16.15; 16.68; 17.26; 17.79,67.9,6.2,58,79
175,"175.Sum the Best 3 of 4d4+6, Reroll 1s/2s, 6 Rolls",15.79; 16.35; 16.75; 17.09; 17.45; 17.82,77.26,7.13,66,90
176,"176.Sum the Best 3 of 4d4+6, Reroll 1s/2s, 6 Rolls, Best of 3 Arrays",16.09; 16.69; 17.05; 17.4; 17.79; 17.98,83.27,5.28,75,91
177,"177.Sum the Best 3 of 4d4+6, Reroll 1s/2s, 6 Rolls, Best of 6 Arrays",16.26; 16.85; 17.18; 17.61; 17.93; 18.0,86.25,4.48,79,94
178,"178.Sum the Best 3 of 4d4+6, Best 6 of 7 Rolls",13.02; 13.8; 14.47; 15.12; 15.83; 16.76,43.97,10.13,28,61
179,"179.Sum the Best 3 of 4d4+6, Best 6 of 7 Rolls, Best of 3 Arrays",13.53; 14.38; 15.08; 15.75; 16.46; 17.31,52.65,8.08,40,67
180,"180.Sum the Best 3 of 4d4+6, Best 6 of 7 Rolls, Best of 6 Arrays",13.8; 14.67; 15.39; 16.06; 16.76; 17.52,57.19,7.11,46,70
181,"181.Sum the Best 3 of 4d4+6, Reroll 1s, Best 6 of 7 Rolls",14.64; 15.22; 15.71; 16.17; 16.69; 17.36,60.65,9.15,46,76
182,"182.Sum the Best 3 of 4d4+6, Reroll 1s, Best 6 of 7 Rolls, Best of 3 Arrays",15.05; 15.67; 16.15; 16.62; 17.16; 17.72,68.44,6.99,57,80
183,"183.Sum the Best 3 of 4d4+6, Reroll 1s, Best 6 of 7 Rolls, Best of 6 Arrays",15.27; 15.89; 16.36; 16.86; 17.38; 17.85,72.37,6.03,63,83
184,"184.Sum the Best 3 of 4d4+6, Reroll 1s/2s, Best 6 of 7 Rolls",16.24; 16.62; 16.93; 17.21; 17.55; 17.87,81,6.88,69,91
185,"185.Sum the Best 3 of 4d4+6, Reroll 1s/2s, Best 6 of 7 Rolls, Best of 3 Arrays",16.53; 16.92; 17.18; 17.55; 17.88; 17.99,86.79,5.02,79,94
186,"186.Sum the Best 3 of 4d4+6, Reroll 1s/2s, Best 6 of 7 Rolls, Best of 6 Arrays",16.67; 17.03; 17.35; 17.78; 17.98; 18.0,89.6,4.22,83,98
187,"187.Sum the Best 3 of 4d4+6, Best 6 of 9 Rolls",13.96; 14.48; 14.98; 15.52; 16.14; 16.96,50.57,10.14,34,67
188,"188.Sum the Best 3 of 4d4+6, Reroll 1s, Best 6 of 9 Rolls",15.34; 15.71; 16.07; 16.46; 16.92; 17.5,66.87,8.82,52,81
189,"189.Sum the Best 3 of 4d4+6, Reroll 1s/2s, Best 6 of 9 Rolls",16.71; 16.93; 17.14; 17.39; 17.7; 17.92,85.64,6.39,75,94
190,"190.Sum the Best 3 of 4d4+6, Best 6 of 12 Rolls",14.67; 15.06; 15.46; 15.9; 16.45; 17.17,57.33,9.93,41,74
191,"191.Sum the Best 3 of 4d4+6, Reroll 1s, Best 6 of 12 Rolls",15.85; 16.12; 16.41; 16.75; 17.15; 17.64,72.81,8.29,60,87
192,"192.Sum the Best 3 of 4d4+6, Reroll 1s/2s, Best 6 of 12 Rolls",17.01; 17.14; 17.35; 17.61; 17.84; 17.97,89.74,6.07,80,102
193,"193.Sum of 2d8+2, 6 Rolls",6.91; 8.82; 10.31; 11.69; 13.18; 15.09,8.06,12.73,-12,30
194,"194.Sum of 2d8+2, 6 Rolls, Best of 3 Arrays",7.88; 9.89; 11.39; 12.82; 14.39; 16.2,18.88,10.03,4,36
195,"195.Sum of 2d8+2, 6 Rolls, Best of 6 Arrays",8.34; 10.37; 11.92; 13.42; 15.02; 16.69,24.5,8.92,11,40
196,"196.Sum of 2d8+2, Reroll 1s, 6 Rolls",8.43; 10.1; 11.4; 12.6; 13.9; 15.57,17.13,11.16,0,37
197,"197.Sum of 2d8+2, Reroll 1s, 6 Rolls, Best of 3 Arrays",9.15; 10.96; 12.33; 13.62; 15.02; 16.59,26.78,9.32,13,43
198,"198.Sum of 2d8+2, Reroll 1s, 6 Rolls, Best of 6 Arrays",9.51; 11.38; 12.81; 14.17; 15.58; 16.99,31.99,8.39,19,47
199,"199.Sum of 2d8+2, Reroll 1s/2s, 6 Rolls",9.96; 11.38; 12.49; 13.51; 14.62; 16.04,25.66,10.59,10,44
200,"200.Sum of 2d8+2, Reroll 1s/2s, 6 Rolls, Best of 3 Arrays",10.51; 12.09; 13.29; 14.41; 15.6; 16.91,34.82,8.93,21,51
201,"201.Sum of 2d8+2, Reroll 1s/2s, 6 Rolls, Best of 6 Arrays",10.81; 12.47; 13.72; 14.89; 16.08; 17.23,39.83,8.04,28,54
202,"202.Sum of 2d8+2, Best 6 of 7 Rolls",8.43; 9.79; 11.0; 12.2; 13.57; 15.34,14.71,11.99,-4,35
203,"203.Sum of 2d8+2, Best 6 of 7 Rolls, Best of 3 Arrays",9.3; 10.74; 12.02; 13.33; 14.78; 16.45,24.96,9.76,10,42
204,"204.Sum of 2d8+2, Best 6 of 7 Rolls, Best of 6 Arrays",9.69; 11.2; 12.54; 13.92; 15.4; 16.89,30.43,8.77,17,46
205,"205.Sum of 2d8+2, Reroll 1s, Best 6 of 7 Rolls",9.76; 10.95; 12.0; 13.05; 14.24; 15.79,22.27,11.17,5,42
206,"206.Sum of 2d8+2, Reroll 1s, Best 6 of 7 Rolls, Best of 3 Arrays",10.46; 11.75; 12.89; 14.05; 15.33; 16.76,31.92,9.39,18,48
207,"207.Sum of 2d8+2, Reroll 1s, Best 6 of 7 Rolls, Best of 6 Arrays",10.8; 12.15; 13.37; 14.59; 15.86; 17.12,37.18,8.46,25,52
208,"208.Sum of 2d8+2, Reroll 1s/2s, Best 6 of 7 Rolls",11.09; 12.11; 13.0; 13.9; 14.91; 16.23,30.18,10.93,14,49
209,"209.Sum of 2d8+2, Reroll 1s/2s, Best 6 of 7 Rolls, Best of 3 Arrays",11.68; 12.79; 13.78; 14.77; 15.85; 17.03,39.59,9.12,26,56
210,"210.Sum of 2d8+2, Reroll 1s/2s, Best 6 of 7 Rolls, Best of 6 Arrays",11.99; 13.16; 14.2; 15.23; 16.29; 17.33,44.72,8.19,32,59
211,"211.Sum of 2d8+2, Best 6 of 9 Rolls",10.06; 11.0; 11.93; 12.95; 14.15; 15.73,22.23,11.66,5,43
212,"212.Sum of 2d8+2, Reroll 1s, Best 6 of 9 Rolls",11.19; 12.0; 12.82; 13.7; 14.75; 16.12,29.02,11.46,12,49
213,"213.Sum of 2d8+2, Reroll 1s/2s, Best 6 of 9 Rolls",12.31; 13.0; 13.69; 14.45; 15.35; 16.51,36.77,11.36,19,57
214,"214.Sum of 2d8+2, Best 6 of 12 Rolls",11.35; 12.06; 12.83; 13.71; 14.75; 16.12,29.44,11.96,11,51
215,"215.Sum of 2d8+2, Reroll 1s, Best 6 of 12 Rolls",12.3; 12.93; 13.6; 14.36; 15.28; 16.46,36.14,11.89,18,57
216,"216.Sum of 2d8+2, Reroll 1s/2s, Best 6 of 12 Rolls",13.26; 13.79; 14.36; 15.02; 15.8; 16.8,44.03,11.67,26,64
217,"217.Sum the Best 2 of 3d8+2, 6 Rolls",9.02; 11.07; 12.51; 13.77; 15.02; 16.43,26.96,12.88,7,49
218,"218.Sum the Best 2 of 3d8+2, 6 Rolls, Best of 3 Arrays",10.0; 12.1; 13.57; 14.84; 16.02; 17.17,37.96,10.19,22,56
219,"219.Sum the Best 2 of 3d8+2, 6 Rolls, Best of 6 Arrays",10.48; 12.62; 14.12; 15.37; 16.46; 17.43,43.67,8.93,30,59
220,"220.Sum the Best 2 of 3d8+2, Reroll 1s, 6 Rolls",10.26; 12.05; 13.32; 14.42; 15.51; 16.73,34.2,12.2,15,55
221,"221.Sum the Best 2 of 3d8+2, Reroll 1s, 6 Rolls, Best of 3 Arrays",11.07; 12.96; 14.27; 15.37; 16.39; 17.36,44.66,9.7,30,61
222,"222.Sum the Best 2 of 3d8+2, Reroll 1s, 6 Rolls, Best of 6 Arrays",11.5; 13.44; 14.76; 15.83; 16.76; 17.58,50.14,8.52,37,65
223,"223.Sum the Best 2 of 3d8+2, Reroll 1s/2s, 6 Rolls",11.5; 13.04; 14.12; 15.07; 16.0; 17.02,41.96,11.75,23,62
224,"224.Sum the Best 2 of 3d8+2, Reroll 1s/2s, 6 Rolls, Best of 3 Arrays",12.2; 13.84; 14.96; 15.89; 16.74; 17.54,52.05,9.25,38,68
225,"225.Sum the Best 2 of 3d8+2, Reroll 1s/2s, 6 Rolls, Best of 6 Arrays",12.59; 14.27; 15.38; 16.27; 17.05; 17.71,57.23,8.05,45,71
226,"226.Sum the Best 2 of 3d8+2, Best 6 of 7 Rolls",10.68; 12.03; 13.16; 14.23; 15.34; 16.61,33.25,12.63,13,55
227,"227.Sum the Best 2 of 3d8+2, Best 6 of 7 Rolls, Best of 3 Arrays",11.54; 12.97; 14.16; 15.24; 16.28; 17.29,44.09,10.11,28,62
228,"228.Sum the Best 2 of 3d8+2, Best 6 of 7 Rolls, Best of 6 Arrays",11.98; 13.47; 14.68; 15.73; 16.67; 17.53,49.78,8.86,36,65
229,"229.Sum the Best 2 of 3d8+2, Reroll 1s, Best 6 of 7 Rolls",11.72; 12.89; 13.88; 14.82; 15.79; 16.88,39.95,12.32,20,61
230,"230.Sum the Best 2 of 3d8+2, Reroll 1s, Best 6 of 7 Rolls, Best of 3 Arrays",12.48; 13.74; 14.78; 15.71; 16.6; 17.46,50.52,9.74,35,67
231,"231.Sum the Best 2 of 3d8+2, Reroll 1s, Best 6 of 7 Rolls, Best of 6 Arrays",12.89; 14.19; 15.24; 16.13; 16.94; 17.65,56.03,8.49,43,71
232,"232.Sum the Best 2 of 3d8+2, Reroll 1s/2s, Best 6 of 7 Rolls",12.75; 13.76; 14.61; 15.41; 16.23; 17.15,47.58,11.93,28,68
233,"233.Sum the Best 2 of 3d8+2, Reroll 1s/2s, Best 6 of 7 Rolls, Best of 3 Arrays",13.43; 14.51; 15.39; 16.17; 16.91; 17.62,57.79,9.23,43,74
234,"234.Sum the Best 2 of 3d8+2, Reroll 1s/2s, Best 6 of 7 Rolls, Best of 6 Arrays",13.8; 14.91; 15.78; 16.52; 17.2; 17.77,63,7.96,51,77
235,"235.Sum the Best 2 of 3d8+2, Best 6 of 9 Rolls",12.29; 13.17; 14.01; 14.87; 15.79; 16.87,41.4,12.74,21,63
236,"236.Sum the Best 2 of 3d8+2, Reroll 1s, Best 6 of 9 Rolls",13.13; 13.9; 14.63; 15.38; 16.18; 17.11,48.08,12.43,28,69
237,"237.Sum the Best 2 of 3d8+2, Reroll 1s/2s, Best 6 of 9 Rolls",13.96; 14.62; 15.25; 15.88; 16.57; 17.34,55.67,11.82,36,76
238,"238.Sum the Best 2 of 3d8+2, Best 6 of 12 Rolls",13.5; 14.14; 14.79; 15.48; 16.24; 17.13,50.03,12.7,29,71
239,"239.Sum the Best 2 of 3d8+2, Reroll 1s, Best 6 of 12 Rolls",14.18; 14.74; 15.31; 15.91; 16.57; 17.33,56.61,12.15,37,77
240,"240.Sum the Best 2 of 3d8+2, Reroll 1s/2s, Best 6 of 12 Rolls",14.86; 15.34; 15.83; 16.34; 16.9; 17.53,63.91,11.28,45,83
241,"241.Sum of 1d10+8, 6 Rolls",9.98; 11.36; 12.78; 14.21; 15.64; 17.02,34.19,13.89,12,58
242,"242.Sum of 1d10+8, 6 Rolls, Best of 3 Arrays",10.49; 12.31; 14.02; 15.53; 16.78; 17.66,46.19,11.18,29,66
243,"243.Sum of 1d10+8, 6 Rolls, Best of 6 Arrays",10.84; 12.91; 14.72; 16.16; 17.19; 17.82,52.47,9.79,37,70
244,"244.Sum of 1d10+8, Reroll 1s, 6 Rolls",10.84; 12.07; 13.36; 14.64; 15.93; 17.16,38.66,13.48,17,62
245,"245.Sum of 1d10+8, Reroll 1s, 6 Rolls, Best of 3 Arrays",11.3; 12.94; 14.48; 15.84; 16.95; 17.72,50.26,10.78,33,69
246,"246.Sum of 1d10+8, Reroll 1s, 6 Rolls, Best of 6 Arrays",11.63; 13.5; 15.12; 16.4; 17.31; 17.85,56.33,9.39,42,73
247,"247.Sum of 1d10+8, Reroll 1s/2s, 6 Rolls",11.7; 12.79; 13.93; 15.07; 16.21; 17.3,43.5,13,23,66
248,"248.Sum of 1d10+8, Reroll 1s/2s, 6 Rolls, Best of 3 Arrays",12.12; 13.58; 14.94; 16.14; 17.11; 17.78,54.67,10.29,39,72
249,"249.Sum of 1d10+8, Reroll 1s/2s, 6 Rolls, Best of 6 Arrays",12.42; 14.09; 15.52; 16.63; 17.43; 17.89,60.48,8.95,47,76
250,"250.Sum of 1d10+8, Best 6 of 7 Rolls",11.0; 12.25; 13.5; 14.75; 16.0; 17.19,40.07,14.55,17,65
251,"251.Sum of 1d10+8, Best 6 of 7 Rolls, Best of 3 Arrays",11.77; 13.3; 14.72; 15.97; 17.0; 17.73,52.59,11.5,35,72
252,"252.Sum of 1d10+8, Best 6 of 7 Rolls, Best of 6 Arrays",12.25; 13.93; 15.37; 16.51; 17.35; 17.86,59.07,9.97,44,76
253,"253.Sum of 1d10+8, Reroll 1s, Best 6 of 7 Rolls",11.75; 12.88; 14.0; 15.12; 16.25; 17.31,44.39,14.11,22,69
254,"254.Sum of 1d10+8, Reroll 1s, Best 6 of 7 Rolls, Best of 3 Arrays",12.45; 13.84; 15.11; 16.22; 17.14; 17.78,56.54,11.06,39,76
255,"255.Sum of 1d10+8, Reroll 1s, Best 6 of 7 Rolls, Best of 6 Arrays",12.9; 14.42; 15.7; 16.7; 17.45; 17.89,62.78,9.54,48,79
256,"256.Sum of 1d10+8, Reroll 1s/2s, Best 6 of 7 Rolls",12.5; 13.5; 14.5; 15.5; 16.5; 17.43,49.13,13.61,27,72
257,"257.Sum of 1d10+8, Reroll 1s/2s, Best 6 of 7 Rolls, Best of 3 Arrays",13.14; 14.38; 15.5; 16.48; 17.28; 17.83,60.8,10.54,44,79
258,"258.Sum of 1d10+8, Reroll 1s/2s, Best 6 of 7 Rolls, Best of 6 Arrays",13.56; 14.9; 16.02; 16.9; 17.56; 17.92,66.77,9.03,53,83
259,"259.Sum of 1d10+8, Best 6 of 9 Rolls",12.5; 13.5; 14.5; 15.5; 16.5; 17.43,49.56,15,25,75
260,"260.Sum of 1d10+8, Reroll 1s, Best 6 of 9 Rolls",13.1; 14.0; 14.9; 15.8; 16.7; 17.52,53.73,14.49,30,78
261,"261.Sum of 1d10+8, Reroll 1s/2s, Best 6 of 9 Rolls",13.7; 14.5; 15.3; 16.1; 16.9; 17.61,58.29,13.85,35,81
262,"262.Sum of 1d10+8, Best 6 of 12 Rolls",13.88; 14.65; 15.42; 16.2; 16.96; 17.63,60.13,14.69,35,84
263,"263.Sum of 1d10+8, Reroll 1s, Best 6 of 12 Rolls",14.35; 15.04; 15.73; 16.43; 17.11; 17.7,64.05,13.97,40,87
264,"264.Sum of 1d10+8, Reroll 1s/2s, Best 6 of 12 Rolls",14.81; 15.43; 16.04; 16.66; 17.26; 17.76,68.26,13.14,46,90
265,"265.Sum the Best 1 of 2d10+8, 6 Rolls",11.91; 13.61; 14.89; 15.96; 16.89; 17.63,53.08,13.53,31,76
266,"266.Sum the Best 1 of 2d10+8, 6 Rolls, Best of 3 Arrays",12.74; 14.66; 15.93; 16.85; 17.52; 17.91,64.64,10.13,48,82
267,"267.Sum the Best 1 of 2d10+8, 6 Rolls, Best of 6 Arrays",13.26; 15.23; 16.41; 17.19; 17.72; 17.96,70.34,8.55,57,84
268,"268.Sum the Best 1 of 2d10+8, Reroll 1s, 6 Rolls",12.57; 14.1; 15.26; 16.22; 17.05; 17.7,57.04,12.99,36,78
269,"269.Sum the Best 1 of 2d10+8, Reroll 1s, 6 Rolls, Best of 3 Arrays",13.34; 15.06; 16.19; 17.01; 17.61; 17.93,68.08,9.62,53,84
270,"270.Sum the Best 1 of 2d10+8, Reroll 1s, 6 Rolls, Best of 6 Arrays",13.82; 15.58; 16.62; 17.32; 17.79; 17.97,73.51,8.08,61,87
271,"271.Sum the Best 1 of 2d10+8, Reroll 1s/2s, 6 Rolls",13.23; 14.59; 15.62; 16.47; 17.21; 17.76,61.31,12.34,41,81
272,"272.Sum the Best 1 of 2d10+8, Reroll 1s/2s, 6 Rolls, Best of 3 Arrays",13.94; 15.46; 16.45; 17.17; 17.69; 17.95,71.77,9.03,57,87
273,"273.Sum the Best 1 of 2d10+8, Reroll 1s/2s, 6 Rolls, Best of 6 Arrays",14.38; 15.92; 16.83; 17.45; 17.85; 17.98,76.87,7.54,65,90
274,"274.Sum the Best 1 of 2d10+8, Best 6 of 7 Rolls",13.27; 14.47; 15.46; 16.33; 17.11; 17.72,60.07,13.62,37,83
275,"275.Sum the Best 1 of 2d10+8, Best 6 of 7 Rolls, Best of 3 Arrays",14.17; 15.45; 16.38; 17.11; 17.65; 17.94,71.62,9.84,55,88
276,"276.Sum the Best 1 of 2d10+8, Best 6 of 7 Rolls, Best of 6 Arrays",14.69; 15.95; 16.79; 17.41; 17.82; 17.98,77.2,8.11,64,91
277,"277.Sum the Best 1 of 2d10+8, Reroll 1s, Best 6 of 7 Rolls",13.8; 14.87; 15.76; 16.55; 17.25; 17.77,63.84,13,42,84
278,"278.Sum the Best 1 of 2d10+8, Reroll 1s, Best 6 of 7 Rolls, Best of 3 Arrays",14.63; 15.76; 16.6; 17.24; 17.72; 17.96,74.84,9.24,60,90
279,"279.Sum the Best 1 of 2d10+8, Reroll 1s, Best 6 of 7 Rolls, Best of 6 Arrays",15.09; 16.22; 16.97; 17.52; 17.87; 17.99,80.07,7.57,68,94
280,"280.Sum the Best 1 of 2d10+8, Reroll 1s/2s, Best 6 of 7 Rolls",14.32; 15.27; 16.07; 16.77; 17.38; 17.83,67.93,12.22,47,87
281,"281.Sum the Best 1 of 2d10+8, Reroll 1s/2s, Best 6 of 7 Rolls, Best of 3 Arrays",15.07; 16.08; 16.81; 17.39; 17.8; 17.97,78.25,8.57,64,91
282,"282.Sum the Best 1 of 2d10+8, Reroll 1s/2s, Best 6 of 7 Rolls, Best of 6 Arrays",15.49; 16.48; 17.14; 17.64; 17.92; 17.99,83.09,6.98,72,94
283,"283.Sum the Best 1 of 2d10+8, Best 6 of 9 Rolls",14.71; 15.48; 16.18; 16.83; 17.41; 17.83,70.04,12.86,48,90
284,"284.Sum the Best 1 of 2d10+8, Reroll 1s, Best 6 of 9 Rolls",15.09; 15.79; 16.41; 17.0; 17.51; 17.87,73.43,12.08,52,91
285,"285.Sum the Best 1 of 2d10+8, Reroll 1s/2s, Best 6 of 9 Rolls",15.47; 16.09; 16.65; 17.16; 17.61; 17.9,77.02,11.17,57,94
286,"286.Sum the Best 1 of 2d10+8, Best 6 of 12 Rolls",15.78; 16.3; 16.79; 17.25; 17.66; 17.92,79.51,11.18,60,98
287,"287.Sum the Best 1 of 2d10+8, Reroll 1s, Best 6 of 12 Rolls",16.05; 16.52; 16.96; 17.38; 17.73; 17.94,82.31,10.34,64,98
288,"288.Sum the Best 1 of 2d10+8, Reroll 1s/2s, Best 6 of 12 Rolls",16.32; 16.74; 17.14; 17.51; 17.8; 17.96,85.19,9.45,68,98
289,"289.Sum of 1d12+6, 6 Rolls",8.25; 9.93; 11.64; 13.36; 15.07; 16.74,25.48,15.01,2,51
290,"290.Sum of 1d12+6, 6 Rolls, Best of 3 Arrays",8.91; 11.07; 13.1; 14.91; 16.43; 17.54,38.42,12.1,20,59
291,"291.Sum of 1d12+6, 6 Rolls, Best of 6 Arrays",9.34; 11.78; 13.92; 15.66; 16.94; 17.74,45.23,10.61,29,64
292,"292.Sum of 1d12+6, Reroll 1s, 6 Rolls",9.12; 10.64; 12.21; 13.78; 15.35; 16.88,29.97,14.32,8,55
293,"293.Sum of 1d12+6, Reroll 1s, 6 Rolls, Best of 3 Arrays",9.69; 11.68; 13.55; 15.22; 16.61; 17.6,42.35,11.58,24,62
294,"294.Sum of 1d12+6, Reroll 1s, 6 Rolls, Best of 6 Arrays",10.07; 12.33; 14.32; 15.92; 17.07; 17.78,48.87,10.16,33,67
295,"295.Sum of 1d12+6, Reroll 1s/2s, 6 Rolls",9.98; 11.36; 12.78; 14.21; 15.64; 17.02,34.18,13.89,12,58
296,"296.Sum of 1d12+6, Reroll 1s/2s, 6 Rolls, Best of 3 Arrays",10.49; 12.31; 14.01; 15.53; 16.78; 17.66,46.19,11.21,29,66
297,"297.Sum of 1d12+6, Reroll 1s/2s, 6 Rolls, Best of 6 Arrays",10.85; 12.91; 14.72; 16.16; 17.19; 17.82,52.48,9.8,37,70
298,"298.Sum of 1d12+6, Best 6 of 7 Rolls",9.5; 11.0; 12.5; 14.0; 15.5; 16.95,32.13,15.49,8,59
299,"299.Sum of 1d12+6, Best 6 of 7 Rolls, Best of 3 Arrays",10.42; 12.25; 13.93; 15.45; 16.71; 17.63,45.47,12.31,26,67
300,"300.Sum of 1d12+6, Best 6 of 7 Rolls, Best of 6 Arrays",10.97; 12.97; 14.7; 16.11; 17.14; 17.8,52.39,10.71,36,71
301,"301.Sum of 1d12+6, Reroll 1s, Best 6 of 7 Rolls",10.25; 11.62; 13.0; 14.38; 15.75; 17.07,36.08,14.97,13,62
302,"302.Sum of 1d12+6, Reroll 1s, Best 6 of 7 Rolls, Best of 3 Arrays",11.08; 12.77; 14.33; 15.71; 16.86; 17.68,48.93,11.89,30,69
303,"303.Sum of 1d12+6, Reroll 1s, Best 6 of 7 Rolls, Best of 6 Arrays",11.61; 13.45; 15.04; 16.31; 17.25; 17.83,55.65,10.35,40,74
304,"304.Sum of 1d12+6, Reroll 1s/2s, Best 6 of 7 Rolls",11.0; 12.25; 13.5; 14.75; 16.0; 17.19,40.08,14.53,17,65
305,"305.Sum of 1d12+6, Reroll 1s/2s, Best 6 of 7 Rolls, Best of 3 Arrays",11.76; 13.3; 14.72; 15.97; 17.0; 17.73,52.59,11.49,35,72
306,"306.Sum of 1d12+6, Reroll 1s/2s, Best 6 of 7 Rolls, Best of 6 Arrays",12.25; 13.93; 15.37; 16.51; 17.35; 17.86,59.06,9.96,44,76
307,"307.Sum of 1d12+6, Best 6 of 9 Rolls",11.3; 12.5; 13.7; 14.9; 16.1; 17.24,42.17,15.85,17,69
308,"308.Sum of 1d12+6, Reroll 1s, Best 6 of 9 Rolls",11.9; 13.0; 14.1; 15.2; 16.3; 17.33,45.76,15.45,21,72
309,"309.Sum of 1d12+6, Reroll 1s/2s, Best 6 of 9 Rolls",12.5; 13.5; 14.5; 15.5; 16.5; 17.43,49.59,15,25,75
310,"310.Sum of 1d12+6, Best 6 of 12 Rolls",12.96; 13.89; 14.81; 15.73; 16.65; 17.49,53.13,15.74,27,79
311,"311.Sum of 1d12+6, Reroll 1s, Best 6 of 12 Rolls",13.43; 14.27; 15.12; 15.97; 16.81; 17.56,56.53,15.28,31,81
312,"312.Sum of 1d12+6, Reroll 1s/2s, Best 6 of 12 Rolls",13.88; 14.65; 15.42; 16.19; 16.96; 17.63,60.12,14.69,35,84
313,"313.Sum the Best 1 of 2d12+6, 6 Rolls",10.59; 12.64; 14.17; 15.45; 16.57; 17.49,45.96,14.52,22,70
314,"314.Sum the Best 1 of 2d12+6, 6 Rolls, Best of 3 Arrays",11.57; 13.85; 15.4; 16.52; 17.34; 17.85,58.38,10.99,41,77
315,"315.Sum the Best 1 of 2d12+6, 6 Rolls, Best of 6 Arrays",12.16; 14.52; 15.98; 16.94; 17.6; 17.93,64.54,9.36,50,81
316,"316.Sum the Best 1 of 2d12+6, Reroll 1s, 6 Rolls",11.25; 13.13; 14.53; 15.71; 16.73; 17.56,49.44,14.04,27,73
317,"317.Sum the Best 1 of 2d12+6, Reroll 1s, 6 Rolls, Best of 3 Arrays",12.15; 14.25; 15.66; 16.68; 17.43; 17.88,61.43,10.57,44,79
318,"318.Sum the Best 1 of 2d12+6, Reroll 1s, 6 Rolls, Best of 6 Arrays",12.71; 14.88; 16.2; 17.07; 17.66; 17.95,67.36,8.97,53,83
319,"319.Sum the Best 1 of 2d12+6, Reroll 1s/2s, 6 Rolls",11.91; 13.61; 14.89; 15.96; 16.89; 17.63,53.09,13.54,31,76
320,"320.Sum the Best 1 of 2d12+6, Reroll 1s/2s, 6 Rolls, Best of 3 Arrays",12.74; 14.66; 15.93; 16.85; 17.52; 17.91,64.65,10.12,48,82
321,"321.Sum the Best 1 of 2d12+6, Reroll 1s/2s, 6 Rolls, Best of 6 Arrays",13.26; 15.23; 16.41; 17.19; 17.72; 17.96,70.34,8.56,57,85
322,"322.Sum the Best 1 of 2d12+6, Best 6 of 7 Rolls",12.23; 13.66; 14.85; 15.9; 16.84; 17.6,53.26,14.64,29,77
323,"323.Sum the Best 1 of 2d12+6, Best 6 of 7 Rolls, Best of 3 Arrays",13.27; 14.81; 15.95; 16.83; 17.5; 17.9,65.72,10.81,48,84
324,"324.Sum the Best 1 of 2d12+6, Best 6 of 7 Rolls, Best of 6 Arrays",13.86; 15.4; 16.45; 17.19; 17.71; 17.96,71.82,9.01,57,87
325,"325.Sum the Best 1 of 2d12+6, Reroll 1s, Best 6 of 7 Rolls",12.75; 14.06; 15.16; 16.12; 16.97; 17.66,56.56,14.17,33,80
326,"326.Sum the Best 1 of 2d12+6, Reroll 1s, Best 6 of 7 Rolls, Best of 3 Arrays",13.72; 15.13; 16.17; 16.97; 17.57; 17.92,68.58,10.33,52,86
327,"327.Sum the Best 1 of 2d12+6, Reroll 1s, Best 6 of 7 Rolls, Best of 6 Arrays",14.27; 15.68; 16.62; 17.3; 17.77; 17.97,74.44,8.58,61,88
328,"328.Sum the Best 1 of 2d12+6, Reroll 1s/2s, Best 6 of 7 Rolls",13.27; 14.47; 15.46; 16.33; 17.11; 17.72,60.05,13.63,37,83
329,"329.Sum the Best 1 of 2d12+6, Reroll 1s/2s, Best 6 of 7 Rolls, Best of 3 Arrays",14.17; 15.45; 16.39; 17.11; 17.65; 17.94,71.64,9.85,55,88
330,"330.Sum the Best 1 of 2d12+6, Reroll 1s/2s, Best 6 of 7 Rolls, Best of 6 Arrays",14.68; 15.95; 16.79; 17.41; 17.82; 17.98,77.18,8.12,64,91
331,"331.Sum the Best 1 of 2d12+6, Best 6 of 9 Rolls",13.95; 14.88; 15.72; 16.49; 17.19; 17.75,63.77,14.15,40,87
332,"332.Sum the Best 1 of 2d12+6, Reroll 1s, Best 6 of 9 Rolls",14.33; 15.18; 15.95; 16.66; 17.3; 17.79,66.8,13.55,44,88
333,"333.Sum the Best 1 of 2d12+6, Reroll 1s/2s, Best 6 of 9 Rolls",14.71; 15.49; 16.18; 16.83; 17.41; 17.83,70.06,12.85,48,90
334,"334.Sum the Best 1 of 2d12+6, Best 6 of 12 Rolls",15.23; 15.86; 16.44; 17.0; 17.5; 17.86,74.15,12.66,52,94
335,"335.Sum the Best 1 of 2d12+6, Reroll 1s, Best 6 of 12 Rolls",15.51; 16.08; 16.62; 17.13; 17.58; 17.89,76.79,11.96,56,94
336,"336.Sum the Best 1 of 2d12+6, Reroll 1s/2s, Best 6 of 12 Rolls",15.78; 16.3; 16.79; 17.25; 17.66; 17.92,79.5,11.18,60,98
